created,tag,front
2019-03-21,glands,gonad
2019-03-21,glands,sebaceous glands
2019-03-21,glands,pineal glands
2019-03-21,glands,pituitary glands
2019-03-21,hormone,thyronine
2019-03-21,hormone,epinephrine
2019-03-21,hormone,norepinephrine
2019-03-21,hormone,glucagon
2019-03-21,hormone,esrtogen
2019-03-21,hormone,progesterone
2019-03-21,hormone,melatonin
2019-03-21,hormone,throxin
2019-03-21,hormone,prostaglandin
2019-03-21,hormone,prolactin
2019-03-21,disease,hyperthyroidism
2019-03-21,hormone,hypothyroidism
2019-03-21,hormone,hypothyroidism
2019-04-04,disease,nephrolithiasis
2019-04-04,disease,osteoporosis
2019-04-04,subject,gynecology
2019-04-04,subject,obstetrics
2019-04-11,general,incubation
2019-04-11,general,prodrome
2019-04-11,general,endemic
2019-04-11,general,epidemic
2019-04-11,general,pandemic
2019-04-25,general,antagonism
2019-05-16,hormone,testosterone
2019-05-16,cells,spermatozoa
2019-05-16,ducts,epididymis
2019-05-16,ducts,seminiferous duct
2019-05-16,surgers,incision
2019-05-16,surgers,excision
2019-05-16,surgers,circumcision
2019-05-16,glands,prostate
2019-05-16,subject,scrotum
2019-05-16,subject,uterus
2019-05-16,subject,vagina
2019-05-16,subject,vulva
2019-05-23,process,dispense
2019-05-30,drugs,laxative
2019-05-30,drugs,patch
2019-05-30,drugs,lotion
2019-05-30,drugs,aerosol
2019-05-30,drugs,ointment
2019-05-30,drugs,analgesic
2019-05-30,drugs,antipruritic
2019-05-30,drugs,antiseptic
2019-05-30,others,nauseous
2019-05-30,others,contraindications
2019-05-30,drug actions,addictive
2019-05-30,drug actions,antagonistic
2019-05-30,drug actions,synergistic
2019-05-30,drug actions,tolerance
2019-05-30,drug actions,addiction
